<!-- Copyright (C) 2018 Google Inc. All Rights Reserved.

FirebaseDatabase iOS and Android Dependencies.
-->

<dependencies>
  <iosPods>
    <iosPod name="Firebase/Database" version="8.10.0" minTargetSdk="9.0">
    </iosPod>
  </iosPods>
  <androidPackages>
    <androidPackage spec="com.google.firebase:firebase-database:20.0.3">
    </androidPackage>
    <androidPackage spec="com.google.firebase:firebase-analytics:20.0.0">
    </androidPackage>
    <androidPackage spec="com.google.firebase:firebase-database-unity:8.7.0">
      <repositories>
        <repository>Assets/Firebase/m2repository</repository>
      </repositories>
    </androidPackage>
  </androidPackages>
</dependencies>

